{
  "a": 65.87500230949652,
  "b": 44.81763786902989
}