{
  "a": 76.14787046934805,
  "b": 10.083776478369398,
  "c": 31.88911389169914
}